Node,Basal_Mean,Basal_Median,Basal_SD,Skew_Basal,Modes_Basal,IL1b_Mean,IL1b_Median,IL1b_SD,Skew_IL1b,Modes_IL1b,p_t_Basal_vs_IL1b,q_t_Basal_vs_IL1b,tstat_Basal_vs_IL1b,p_w_Basal_vs_IL1b,q_w_Basal_vs_IL1b,z_Basal_vs_IL1b,TLR_Mean,TLR_Median,TLR_SD,Skew_TLR,Modes_TLR,p_t_Basal_vs_TLR,q_t_Basal_vs_TLR,tstat_Basal_vs_TLR,p_w_Basal_vs_TLR,q_w_Basal_vs_TLR,z_Basal_vs_TLR,p_t_IL1b_vs_TLR,q_t_IL1b_vs_TLR,tstat_IL1b_vs_TLR,p_w_IL1b_vs_TLR,q_w_IL1b_vs_TLR,z_IL1b_vs_TLR
ACAN,0.013073547829869756,1.7396748819881205e-05,0.014666588930805212,0.24193587803671104,1,8.996310487915992e-06,7.521312439742226e-06,2.8291423001238865e-06,1.6539731882121118,1,4.8678077974062616e-27,6.17557705641093e-27,12.564694680727799,1.4361464127613523e-34,8.138163005647664e-34,12.262710338171788,4.8634542331147e-46,6.4717133402347524e-49,5.456077033209003e-46,0.24193587895120885,1,4.5425307472357235e-27,8.393806815544271e-27,12.574504434780085,1.4361464127613523e-34,1.3563605009412772e-33,12.262710338171788,5.218132074957447e-106,3.1681516169384497e-105,44.857615270385246,1.4361464127613523e-34,8.138163005647664e-34,12.262710338171788
ADAMTS4/5,0.07438683085375505,0.0912978232465135,0.06987374390831488,0.4608162217186624,1,0.13255211546529883,0.1271903155989451,0.035630631474731486,1.7519653923491652,2,5.661880638698289e-31,2.406299271446773e-30,-13.845208057795437,5.224196442260151e-25,1.644654435526344e-24,-10.328740598271064,0.11928104767085305,0.10079473053901426,0.0358684247076046,2.0217663224681366,1,8.546587908035708e-25,1.1909179871853035e-24,-11.828934115404245,6.739854256036395e-20,1.397286857958765e-19,-9.13175364884355,1.4218004847310216e-06,1.655521112358039e-06,4.972811207867616,2.2710079144533112e-05,3.113478592395668e-05,4.236430875038053
ALK6,0.43993392275971066,1.4679079852491548e-05,0.49606953283033395,0.24356158803561875,1,1.4192664994736163e-43,1.7858261954445173e-47,1.5988616586141848e-43,0.24349413063699168,1,7.136870357034282e-27,8.097554109929235e-27,12.510406880788127,1.4361464127613523e-34,8.138163005647664e-34,12.262710338171788,1.654237943514568e-05,1.6752570868401113e-05,1.8881679019959326e-06,-1.834440859747675,1,7.160360307881885e-27,1.2172612523399205e-26,12.509940561353492,1.4467628311730014e-06,1.891920625380079e-06,-4.818452052282627,4.231463387818779e-190,4.495929849557452e-189,-123.5901632054951,1.4361464127613523e-34,8.138163005647664e-34,-12.262710338171788
AP-1,0.5879352826744283,0.96667125974424,0.4317285514323662,-0.2046696457977263,1,0.9804484567592203,0.9831263111056393,0.006083884188545888,-1.6732307490723048,2,1.2971042701734282e-27,2.120266595475796e-27,-12.752153604890983,1.3092806860640444e-20,2.9286541661958885e-20,-9.307458155181532,0.9715330290432298,0.9745781440758815,0.007161569826653001,-0.6968474343370948,2,1.0981204045307685e-26,1.8302006742179478e-26,-12.449238765043404,9.69337914799486e-07,1.328931012225102e-06,4.8977631141712985,5.1782486127265125e-74,2.4546384483179745e-73,29.2595343373535,1.2371363055289292e-33,6.185681527644647e-33,12.087005831833803
Act1,1.4807904008900183e-43,1.3831554675774261e-43,8.503128050142395e-44,0.13861002983081658,1,5.508643390878677e-87,5.145433593223287e-87,3.1632227838368055e-87,0.13861013301095465,1,3.6001962727444655e-62,6.120333663665591e-61,24.56639380637021,1.0,1.0,0.0,5.508646936104193e-87,5.145437581467474e-87,3.1632247933638097e-87,0.13860988862249465,1,3.6001962727444655e-62,5.100278053054659e-61,24.56639380637021,1.0,1.0,0.0,1.026412090779644e-24,1.744900554325395e-24,-11.802746191363967,1.0,1.0,0.0
BMP,0.07438683085375508,0.09129782324651353,0.0698737439083149,0.4608162217186611,1,0.13255211546529877,0.1271903155989451,0.03563063147473149,1.7519653923491685,2,5.661880638698289e-31,2.406299271446773e-30,-13.845208057795437,5.224196442260151e-25,1.644654435526344e-24,-10.328740598271064,0.11928104767085303,0.10079473053901426,0.03586842470760461,2.021766322468137,1,8.546587908035708e-25,1.1909179871853035e-24,-11.828934115404243,6.739854256036395e-20,1.397286857958765e-19,-9.13175364884355,1.4218004847310192e-06,1.655521112358039e-06,4.9728112078676165,2.2710079144533112e-05,3.113478592395668e-05,4.236430875038053
BMPR,0.03659034451780685,0.033989730160626244,0.043119513724199886,1.3943480000166741,1,0.056602002789371726,0.04035841930864263,0.03710733285510313,2.6504217560202985,2,2.834396895023339e-32,1.6061582405132255e-31,-14.267680486624519,1.1671386094557098e-20,2.755743938992648e-20,-9.319659857010558,0.07442848673140433,0.044622161862209235,0.050935654826047054,1.745663527141179,1,2.231445952461584e-37,9.982784524170245e-37,-15.93129931059987,1.0518049109848465e-27,3.0828764632314466e-27,-10.90832143514983,3.202547788570721e-08,4.1244933640683524e-08,-5.757096793329594,4.390929048921022e-13,6.785981257423398e-13,-7.242930205710222
CCL3,0.07438683085375508,0.0912978232465135,0.06987374390831488,0.46081622171866127,1,0.13255211546529883,0.12719031559894511,0.0356306314747315,1.7519653923491647,2,5.661880638698289e-31,2.406299271446773e-30,-13.845208057795437,5.224196442260151e-25,1.644654435526344e-24,-10.328740598271064,0.11928104767085305,0.10079473053901426,0.035868424707604596,2.021766322468136,1,8.546587908035708e-25,1.1909179871853035e-24,-11.828934115404245,6.739854256036395e-20,1.397286857958765e-19,-9.13175364884355,1.4218004847310192e-06,1.655521112358039e-06,4.9728112078676165,2.2710079144533112e-05,3.113478592395668e-05,4.236430875038053
CCL3/4,0.01309047897697787,0.0007578231242323684,0.013635723735951177,0.20253020092828583,1,0.0007495432399612892,0.0007489181778637742,1.0870040815382683e-06,1.5932810773804527,1,1.17059490417207e-27,2.065599948357644e-27,12.766688998340873,1.4361464127613523e-34,8.138163005647664e-34,12.262710338171788,0.0007282810893494964,0.0007274193085071948,1.429855132712175e-06,1.1815297165611154,1,1.0039169890469793e-27,2.306295785648466e-27,12.788442561806676,1.4361464127613523e-34,1.3563605009412772e-33,12.262710338171788,1.21987110333856e-310,5.184452189188886e-309,501.5790471305278,1.4361464127613523e-34,8.138163005647664e-34,12.262710338171788
CCL4,0.652243479236177,0.5882553799858903,0.29361363948014235,-0.37456728680552864,2,0.4786045724179618,0.5549551202970617,0.14326674703096293,-1.4972728053351974,2,2.8663055590144686e-27,3.806812070566091e-27,12.639797708603483,1.053321819036438e-12,1.4211484860015433e-12,7.123353527785762,0.2726891294500289,0.31883037542952875,0.11307309968439841,-0.3356653637237504,2,4.100843333419639e-57,2.6813206410820714e-56,22.69438112908592,1.2744209925264691e-33,7.221718957649991e-33,12.084565491468,1.8615448888489875e-72,8.32796397642968e-72,28.615619129000333,9.328470234491238e-33,3.314114102077393e-32,11.919842516776137
CCN2,3.774426423414558e-18,6.45201098019581e-18,3.243860409901693e-18,-0.4663512102937344,1,5.548729442968395e-18,6.45201098019581e-18,2.329881824854892e-18,-2.406944930110481,1,5.432015237322951e-14,5.844573356613302e-14,-8.100021865614515,1.0,1.0,0.0,6.058438310403859e-18,6.45201098019581e-18,2.756141712757908e-18,-1.0394835732666279,1,7.959042277929424e-21,9.528430896112691e-21,-10.507201607260884,1.0,1.0,0.0,0.0003530367296907872,0.0003751015252964614,-3.6356698319013745,1.0,1.0,0.0
CGRP,0.5490627704846451,0.9967042691674679,0.49520537746241033,-0.20252929980022066,1,1.0,0.9999999999999999,1.6800722979961109e-16,,1,6.700586184075769e-28,1.5393238530984874e-27,-12.845685304897513,1.4361464127613523e-34,8.138163005647664e-34,-12.262710338171788,0.997127827057811,0.9969727143435102,0.0002446407833491054,1.141225156115607,1,1.1620542946964167e-27,2.532682437158857e-27,-12.767726128996449,9.328470234491238e-33,3.3038332080489803e-32,-11.919842516776137,3.753922302731916e-215,4.558334224746675e-214,165.6182784764039,1.4361464127613523e-34,8.138163005647664e-34,12.262710338171788
COL10A1,1.0,0.9999999999999999,2.3393850751791097e-16,-1.6445266951534514,1,1.0,0.9999999999999999,1.7850093837272236e-16,,1,1.8974375826436315e-05,1.9200261252941507e-05,-4.3825159197677905,1.0,1.0,0.0,1.0,0.9999999999999999,2.1798289746657164e-16,,1,0.008725801678690255,0.009045038325471606,-2.648813417504898,1.0,1.0,0.0,0.00022647916848865895,0.00024368011799412673,3.7562355837605566,1.0,1.0,0.0
COL1A,0.9999999999999999,0.9999999999999999,1.8242825833464354e-16,,1,0.9999999999999999,0.9999999999999999,1.0590852655056278e-16,,1,5.325711187827224e-06,5.4540415778953496e-06,-4.678728073220108,1.0,1.0,0.0,0.9999999999999999,0.9999999999999999,1.4749679539501262e-16,,1,0.00514168419840343,0.005463039460803644,-2.8293775728898547,1.0,1.0,0.0,0.0004072948406637534,0.00042740816612863006,3.5961883135173442,1.0,1.0,0.0
COL2A,0.32933322826088685,4.681149122911234e-05,0.3710179966668241,0.2434992270080562,1,2.4159923184855215e-05,2.019340528515458e-05,7.611673844045777e-06,1.654496712852168,1,6.634286802720406e-27,7.724854496318281e-27,12.520769358284973,1.4361464127613523e-34,8.138163005647664e-34,12.262710338171788,1.225143399642991e-44,1.7414205113855083e-48,1.380213749609894e-44,0.24349922758038248,1,6.5858063608895e-27,1.1662365430741822e-26,12.521810106638398,1.4361464127613523e-34,1.3563605009412772e-33,12.262710338171788,7.267688138972835e-106,4.118356612084607e-105,44.77565180021018,1.4361464127613523e-34,8.138163005647664e-34,12.262710338171788
CREB,0.07053179966462504,0.061620534357251344,0.022520763378251,-0.026967754364593827,2,0.0493653935313457,0.04800112677123705,0.007291484488988905,0.24378494318958463,2,3.493766878155067e-28,8.484862418376592e-28,12.937844231395653,4.624266932005033e-23,1.2283209038138369e-22,9.889479332426104,0.056851720859089135,0.05685220247730755,0.0060040691782665846,-1.9908465024744977,2,9.690855049104863e-16,1.0838456304919913e-15,8.740008206866285,1.302767888093985e-07,2.0133685543270678e-07,5.278456211236931,1.8205537948584983e-52,4.9918410504184626e-52,-21.032604478990777,1.3631864742607615e-28,3.407966185651904e-28,-11.092567132768133
CSF2,0.5490627704846451,0.9967042691674679,0.49520537746241033,-0.20252929980022066,1,1.0,0.9999999999999999,1.6782371556701676e-16,,1,6.700586184075769e-28,1.5393238530984874e-27,-12.845685304897513,1.4361464127613523e-34,8.138163005647664e-34,-12.262710338171788,0.997127827057811,0.9969727143435102,0.00024464078334910505,1.141225156115615,1,1.1620542946964167e-27,2.532682437158857e-27,-12.767726128996449,9.328470234491238e-33,3.3038332080489803e-32,-11.919842516776137,3.7539223027325554e-215,4.558334224746675e-214,165.6182784764038,1.4361464127613523e-34,8.138163005647664e-34,12.262710338171788
CXCR1,0.4455391037048351,0.018778335451876356,0.47832235602878886,0.20236539683627686,1,0.014671914917113598,0.01661682020716318,0.004049204350555787,-1.1964599096893924,2,1.2393599690145862e-27,2.065599948357644e-27,12.758603950670214,3.2600347936530186e-13,4.46940253968559e-13,7.28319582174601,0.008119024125206523,0.008425196485125665,0.002413794773475923,1.4912867479559355,2,4.234303621411928e-28,1.1247368994375434e-27,12.910644262723746,4.9134533166152204e-34,4.1764353191229374e-33,12.16265638317377,7.407622403644431e-69,2.862035928680803e-68,27.158719603398914,7.824204486220684e-33,3.1669399110893246e-32,11.934484558970972
ERK,0.8597669315553174,0.9789014414578312,0.13174250217336564,-0.20253008782162887,2,0.9791163263614228,0.9791293384345959,2.5081094126303563e-05,-1.789003655558918,1,1.0767340908949097e-27,2.0031222721377658e-27,-12.778526128588124,1.4361464127613523e-34,8.138163005647664e-34,-12.262710338171788,0.9796919813084355,0.9797191150474277,4.193107350396417e-05,-1.2933294268835038,1,7.030217964016171e-28,1.757554491004043e-27,-12.838887124225613,1.4361464127613523e-34,1.3563605009412772e-33,-12.262710338171788,5.603888404569522e-279,1.5877683812946982e-277,-347.5747313568449,1.4361464127613523e-34,8.138163005647664e-34,-12.262710338171788
FOXO,0.6590059636928547,0.8704032121578363,0.293734334490821,-0.20592572704957254,2,0.9329426544650933,0.9448540137036292,0.026416319330333043,-1.81964167317533,2,1.7018395433219354e-27,2.5378308979362195e-27,-12.713680549374267,8.803146316868488e-24,2.494224789779405e-23,-10.054202307117963,0.8931219840999023,0.9104713637451132,0.03685874154572268,-1.0457858134622218,2,2.7415890905051975e-21,3.329072467042025e-21,-10.663222971188452,1.0506805701894141e-06,1.4175848962873047e-06,4.881900901793565,1.314401580317664e-70,5.586206716350072e-70,27.861703551975534,3.2374402846183993e-33,1.5287912455142443e-32,12.007694769945132
GATA3,0.009076996159134766,0.009512146006980467,0.008839498268408956,0.15083263133216482,1,0.018188831178634738,0.020540932072487243,0.0038834614701857397,-1.4388782521771697,1,1.640957229172318e-26,1.7882226215339363e-26,-12.392189723408546,1.1196844316337083e-13,1.5862196114810868e-13,-7.425955733145622,0.012901722263939697,0.01514636174118821,0.003812804430196685,-0.9826733631064893,1,9.527419173965328e-07,1.0382443971628881e-06,-5.059524404532055,8.612674063633541e-07,1.2201288256814181e-06,4.920946347646449,6.729355258684078e-66,2.3833133207839443e-65,25.994351057327517,3.5894842736797456e-33,1.60582191190936e-32,11.999153578664812
GDF5,0.43517633216356083,0.00011212714315007855,0.4897697074257494,0.24320427630459412,1,1.6188865115394103e-44,4.1712042825542433e-48,1.821977701459387e-44,0.24320427629233182,1,6.031122977386957e-27,7.187066451999508e-27,12.534294239423579,1.4361464127613523e-34,8.138163005647664e-34,12.262710338171788,0.00011303453649506287,0.00010511190759145192,2.1444331619037582e-05,0.2019878163535413,1,6.1799917268976214e-27,1.1176580782687187e-26,12.530834526555033,1.3197619390221636e-06,1.752808825263811e-06,-4.836754605026166,3.747897141851625e-147,2.6547604754782344e-146,-74.35756876209523,1.4361464127613523e-34,8.138163005647664e-34,-12.262710338171788
IFN-γ,0.07438683085375508,0.0912978232465135,0.06987374390831488,0.4608162217186611,1,0.13255211546529883,0.1271903155989451,0.03563063147473149,1.7519653923491652,2,5.661880638698289e-31,2.406299271446773e-30,-13.845208057795437,5.224196442260151e-25,1.644654435526344e-24,-10.328740598271064,0.11928104767085305,0.10079473053901429,0.03586842470760461,2.021766322468136,1,8.546587908035708e-25,1.1909179871853035e-24,-11.828934115404245,6.739854256036395e-20,1.397286857958765e-19,-9.13175364884355,1.4218004847310216e-06,1.655521112358039e-06,4.972811207867616,2.2710079144533112e-05,3.113478592395668e-05,4.236430875038053
IFN-γR,0.03659034451780685,0.033989730160626244,0.043119513724199886,1.3943480000166735,1,0.056602002789371726,0.04035841930864264,0.03710733285510313,2.6504217560202985,2,2.834396895023339e-32,1.6061582405132255e-31,-14.267680486624519,1.1671386094557098e-20,2.755743938992648e-20,-9.319659857010558,0.07442848673140434,0.04462216186220923,0.05093565482604707,1.745663527141179,1,2.2314459524615523e-37,9.982784524170245e-37,-15.931299310599874,1.0518049109848465e-27,3.0828764632314466e-27,-10.90832143514983,3.202547788570674e-08,4.1244933640683524e-08,-5.757096793329596,4.390929048921022e-13,6.785981257423398e-13,-7.242930205710222
IGF1,0.00014375929744214833,5.368436248918071e-06,0.0001537788683347848,0.2025034179961391,1,5.3479467669780924e-48,1.9970971722817958e-49,5.720681878763984e-48,0.20250341763668409,1,5.971985425932464e-29,1.7663340106607187e-28,13.187601623024268,1.4361464127613523e-34,8.138163005647664e-34,12.262710338171788,4.154245496995477e-06,4.453629538608934e-06,5.248596223514258e-07,-0.93838011089866,1,7.426483289552749e-28,1.8035745131770963e-27,12.83112425854781,8.405121621271301e-34,5.748235344690328e-33,12.118730256589274,1.9041088148342373e-181,1.7983249917878908e-180,-111.65432036528964,1.4361464127613523e-34,8.138163005647664e-34,-12.262710338171788
IGF1R,1.9319355019567006e-44,1.9358664005225744e-44,1.0964141250359855e-44,-0.10627170408040092,1,7.18693468724671e-88,7.201555115636728e-88,4.078736454194242e-88,-0.1062723563315947,1,6.15418980842554e-63,1.3077653342904273e-61,24.856761175848558,1.0,1.0,0.0,7.18693938376265e-88,7.201562061105866e-88,4.0787397443711927e-88,-0.10627158795603528,1,6.15418980842554e-63,1.0462122674323418e-61,24.856761175848558,1.0,1.0,0.0,1.8273471200683298e-21,2.6780087104449658e-21,-10.72245520612711,1.0,1.0,0.0
IL-10,0.1957141229285488,0.3135026535991779,0.1632655879010685,-0.10927988182071122,2,0.33104654244522835,0.31550644751135104,0.0350003173869685,2.7598525114002332,2,1.7698286435173752e-28,4.701107334343028e-28,-13.034038360314767,1.2943287771201942e-20,2.9286541661958885e-20,-9.308678325364435,0.3560398745979558,0.3393816605379023,0.03767882655853784,2.400211325205794,2,2.6559049707210693e-35,1.1287596125564544e-34,-15.2530032766258,7.12272208371504e-28,2.2423384337621425e-27,-10.943706370454008,3.186262551728623e-17,4.4398740474907044e-17,-9.267573935556634,1.399887867486747e-18,2.3798093747274702e-18,-8.797427018728218
IL-10R,0.29677148977892615,0.45759930887938827,0.27354024750701306,-0.023765635872852464,1,0.5019412737896602,0.4579105424254435,0.07556615701537041,1.7828314745100895,2,8.80965637662548e-28,1.8720519800329147e-27,-12.80694243111473,8.916536369583964e-16,1.4860893949306607e-15,-8.040921505328566,0.6007143155582859,0.5524637204793197,0.09446468723219897,1.4390162989183917,2,4.7824882030933364e-46,2.3912441015466683e-45,-18.815803124044407,3.8074589757997936e-33,1.7979667385721246e-32,-11.9942728979332,3.9366563127914014e-49,9.04366990776403e-49,-19.87063416165874,6.197997180041091e-26,1.350845539239725e-25,-10.531288848632906
IL-10R1,1.7714697359227976e-44,1.754499824001436e-44,1.081263310823304e-44,0.18433640692922548,1,6.589991080045118e-88,6.526868453468902e-88,4.022375062887675e-88,0.18433626922127888,1,2.9480367784252265e-58,2.5058312616614424e-57,23.111535932541273,1.0,1.0,0.0,6.58999526011257e-88,6.526864667071214e-88,4.02237770558962e-88,0.18433644224385498,1,2.9480367784252265e-58,2.088192718051202e-57,23.111535932541273,1.0,1.0,0.0,4.849671841010546e-24,7.633742712701785e-24,-11.58028225293796,1.0,1.0,0.0
IL-12,0.5593450283086875,0.9799310561579246,0.4738513070217674,-0.20251259171842786,1,0.9890932569877977,0.9910259582155112,0.004716586955539132,-1.4923149479393956,2,1.3615424755910027e-27,2.1679572772202605e-27,-12.74528583767651,2.710973275867099e-14,3.905639465232261e-14,-7.611421600946828,0.9810550567290468,0.982376620045899,0.004876891687989085,-0.10348225568286087,2,6.797582170304061e-27,1.1791724172976433e-26,-12.517318883607645,8.50591378108859e-07,1.2201288256814181e-06,4.923386688012256,2.399702541965827e-66,8.868465915960665e-66,26.16877658893964,8.543520604223385e-33,3.3009056879953986e-32,11.927163537873554
IL-12R,0.5525873012101392,0.9993645934696604,0.49413106836781207,-0.20253159044063748,1,0.9995441198801462,0.9995763983724026,0.00012379743903143247,-0.680209381015262,1,1.234470739271703e-27,2.065599948357644e-27,-12.759163821764021,9.215964831236828e-09,1.1691895681419857e-08,-5.744561221105748,0.9992594078755404,0.9992053659981646,0.0001539826062272558,1.3554404741513697,1,1.2879172444954053e-27,2.7368241445527362e-27,-12.753160416866843,5.7994581020391696e-08,9.301017710817536e-08,-5.424876633185251,1.8934924693568283e-49,4.470746108203622e-49,19.98037881832276,1.276271829356494e-29,3.2873668331909697e-29,11.30243640422739
IL-17,0.06851230251763968,0.06876127273516261,0.06158487569794318,0.19212270079545934,2,0.13519268125155454,0.15339091134535734,0.029573321374229685,-1.5337525312659972,2,7.132369116899658e-28,1.595398355095976e-27,-12.836844931932816,1.4352084113956045e-20,3.128018332528882e-20,-9.297696793718313,0.09577957359745955,0.10982352539051235,0.028793431510058642,-1.2932295345257732,2,2.728217480752533e-07,3.011668647583965e-07,-5.323924149764895,3.1381840995993925e-07,4.6797482187008484e-07,-5.114953406727973,6.658895968347981e-58,1.9517453700330288e-57,22.982055487860123,1.530646800263517e-27,3.717285086354256e-27,10.874156670028556
IL-17RA,1.8139149192108505e-44,1.7979787673984077e-44,1.0585884001944296e-44,-0.008603683583436663,1,6.747889797887471e-88,6.688606728589512e-88,3.938022489246585e-88,-0.008603669546783304,1,4.0286083878599394e-61,5.347837216604027e-60,24.17220786680134,1.0,1.0,0.0,6.747894137992737e-88,6.688610535604647e-88,3.938024982489592e-88,-0.008603849315848733,1,4.0286083878599394e-61,4.6793575645285235e-60,24.17220786680134,1.0,1.0,0.0,1.1827815502059304e-24,1.9713025836765506e-24,-11.782461245644384,1.0,1.0,0.0
IL-18,0.03495324756814312,0.04470295629671299,0.031001268806975714,0.3250638640600603,2,0.06131966667203922,0.059275378485310164,0.014150939706164283,1.7202446162093477,2,1.623703879388278e-30,6.000644771652332e-30,-13.69656543239537,6.483808110829949e-25,1.968298890787663e-24,-10.307997705161718,0.05601827456461396,0.048672072252397725,0.014269855328669052,2.0093728479032085,1,7.512399535746075e-26,1.1402749295328863e-25,-12.17584020395527,5.082260528008341e-20,1.23426327108774e-19,-9.162257903416116,1.4553134542392556e-06,1.6716438325721178e-06,4.9677319629833905,2.57222900811701e-05,3.470467709364219e-05,4.208366960831293
IL-18RA,1.806175790228168e-44,1.7903727668066489e-44,1.1021988777218897e-44,0.01715468870438686,1,6.719099848304669e-88,6.660312881590738e-88,4.1002568743427977e-88,0.017154940139900078,1,2.8531787047163734e-58,2.5058312616614424e-57,23.11674010980275,1.0,1.0,0.0,6.719104090466493e-88,6.660315677843698e-88,4.100259298513295e-88,0.0171546894761678,1,2.8531787047163734e-58,2.088192718051202e-57,23.11674010980275,1.0,1.0,0.0,2.664844821583375e-22,3.9738914006067876e-22,-11.002488339931686,1.0,1.0,0.0
IL-1R1,1.7128204252417267e-44,1.6674508979239942e-44,1.097828792689902e-44,0.1743187551950442,1,6.371811139416172e-88,6.203029413555409e-88,4.083999618001639e-88,0.17431902887528364,1,3.245658279314569e-55,2.50800867037944e-54,22.00917454556968,1.0,1.0,0.0,6.371815598890502e-88,6.203037086001119e-88,4.084002661944083e-88,0.1743189240890192,1,3.245658279314569e-55,1.9705782410124173e-54,22.00917454556968,1.0,1.0,0.0,2.5271477115191093e-24,4.052972744889137e-24,-11.673752345667962,1.0,1.0,0.0
IL-1Ra,0.026508080609740307,0.04134416919837425,0.02421074028568672,-0.14356417405810676,1,0.04941567342971047,0.050895215994514784,0.003689242141576159,-1.0450182007767412,2,1.9865572346928414e-27,2.8619892364218902e-27,-12.691760983346297,7.6780253337627e-16,1.305264306739659e-15,-8.059224058072106,0.049145165741467566,0.05358129336491095,0.006201356976223328,-0.9076373026541402,2,6.836707323597761e-23,8.673434664265816e-23,-11.199373334190415,1.6354770885762204e-11,3.022077228890842e-11,-6.735339409622713,0.49101684062837525,0.49101684062837525,0.6899701014143139,0.06329706785345511,0.08030225026184604,-1.8570990183778562
IL-1β,0.5157019924588883,0.9222173380474592,0.4565212914744192,-0.20227735634750887,1,1.0,1.0,0.0,,1,2.0322621768098504e-34,1.328786807914133e-33,-14.965050383074015,1.4361464127613523e-34,8.138163005647664e-34,-12.262710338171788,0.928264210547317,0.9244852918767992,0.005611495930645934,1.267489368568823,2,6.595946657302774e-28,1.698955957184048e-27,-12.847913380804197,1.437663520283778e-26,3.8187937257537857e-26,-10.667947909118004,1.8402516829793656e-222,3.1284278610649216e-221,180.33655456744088,1.4361464127613523e-34,8.138163005647664e-34,12.262710338171788
IL-4,0.001325190416391258,0.0013176537765481242,0.0013162859527505034,0.23280993690614593,1,0.002672645579533565,0.003028256953967164,0.0006432451307183838,-1.4029546897212521,1,1.4907490948557245e-26,1.6456321176978777e-26,-12.405827110508708,1.2908088262413854e-12,1.71435547235184e-12,-7.095289613578999,0.0015733793151131784,0.0017004734431246876,0.00040806132408525286,0.25591381584633544,1,0.013277464276524813,0.013597403174754327,-2.4986144491712934,1.4825661836393888e-06,1.9093655395355763e-06,4.813571371551015,2.1521885805864745e-77,1.1433501834365645e-76,30.690389616656937,4.425415380727038e-34,2.351001921011239e-33,12.171197574454089
IL-4R,1.8436690364758417e-44,1.8012868828873795e-44,1.0848947744865027e-44,0.07792786133505658,1,6.858577500295798e-88,6.700912526298173e-88,4.0358845078406535e-88,0.07792797913864923,1,1.3756443704301132e-60,1.4616221435819953e-59,23.972972257848458,1.0,1.0,0.0,6.85858159109999e-88,6.700916345303024e-88,4.0358868066520763e-88,0.07792798436749439,1,1.3756443704301132e-60,1.2992196831839958e-59,23.972972257848458,1.0,1.0,0.0,3.041086214237323e-21,4.3812259018673296e-21,-10.648071642435372,1.0,1.0,0.0
IL-6,0.14565102413287606,0.1754861421148654,0.10324099158769029,-0.07925074537340022,2,0.24709179505391773,0.2599832052201243,0.029184236548480125,-2.6143860943878985,2,2.9977237737671045e-27,3.8607048601546046e-27,-12.633442383571156,9.074370714499036e-18,1.676785892896561e-17,-8.585117406903155,0.22766609840518803,0.23973682779515157,0.028574372164271906,-2.2664950176788254,2,1.2841411239849236e-19,1.4553599405162467e-19,-10.09702294151088,2.4867702956330563e-10,4.2275095025761957e-10,-6.327802568533222,3.2306539484480915e-16,4.429122348678835e-16,8.911073764580964,1.2309787157325933e-16,2.0516311928876557e-16,8.28007486117749
IL-6R,1.8642532880226888e-44,1.767965785110816e-44,1.0886178635468994e-44,0.08740534182081805,1,6.935152177207653e-88,6.576953282807488e-88,4.049734740958095e-88,0.08740574222732211,1,4.404101237203316e-61,5.347837216604027e-60,24.157723122120263,1.0,1.0,0.0,6.935156547901764e-88,6.576959617885668e-88,4.049736825969115e-88,0.08740523975424695,1,4.404101237203316e-61,4.6793575645285235e-60,24.157723122120263,1.0,1.0,0.0,1.787336106970481e-26,3.302686284619367e-26,-12.380050176354693,1.0,1.0,0.0
IL-8,0.35932949034640815,0.07670519273967033,0.331436673046015,0.19881864338495178,2,0.06736434284033113,0.0764554078588883,0.014362119180501006,-1.2514493255443808,2,1.2243954991353348e-27,2.065599948357644e-27,12.760324568202988,1.4769671421679496e-14,2.1645208117978572e-14,7.6895124926525975,0.046581693913197914,0.051051864741366235,0.011122991467025672,-0.491779765245404,2,6.625617844484204e-30,1.9419914371764045e-29,13.49811003916496,3.4341789970846814e-33,1.7170894985423407e-32,12.002814089213519,1.3830049420094224e-65,4.702216802832036e-65,25.872874491251718,7.248261845521067e-32,2.2003652031046097e-31,11.747798520986864
IkBa,0.7689659516342313,0.7136002136985898,0.22706598913923834,-0.28731308539824524,1,0.5579995742763163,0.5525412440536599,0.1021476467562416,-0.6133372740645967,3,1.3266059084008757e-30,5.125522827912474e-30,13.7250794105338,5.348224711981349e-27,2.1647576215162606e-26,10.759460672835704,0.5824696383898104,0.6018894705225639,0.08548103407110706,-2.2106052068941495,1,2.0937426440607838e-27,4.2373363034563485e-27,12.684313997822798,1.8967969531196674e-18,3.83875573845647e-18,8.76326225360694,0.0006467467077255813,0.0006704081726423708,-3.4661506620924962,1.1039614975506582e-06,1.646258373540455e-06,-4.872139540330344
Ikk,0.17596260064061695,0.23744047426861215,0.16530305157068026,0.017056177392598553,1,0.3393424932080828,0.348335672792639,0.050240864836771794,-0.3587369819438311,2,2.44720370667847e-30,8.667179794486249e-30,-13.638678241993128,1.4469185923243183e-31,7.6867550217229415e-31,-11.689230352207534,0.3139715325314426,0.32160780132285155,0.04842199678633885,1.247780238242477,3,6.061901748255648e-24,7.927102286180463e-24,-11.548257229655274,1.933799097380099e-11,3.4972962399427327e-11,-6.710936005964659,5.586310169546215e-24,8.63338844384415e-24,11.559986776992003,2.021625822671068e-21,3.656131806958315e-21,9.503905554628863
JAK,0.1597060723226275,0.27186379986462084,0.14454961918988063,-0.1763766391816365,1,0.29458776415000043,0.2950812051783575,0.01478439471511643,0.5672165000881764,3,1.0593857093107484e-28,2.9047672674649553e-28,-13.106593229543986,7.476190392121529e-31,3.5304232407240556e-30,-11.548910781173726,0.2771676668265858,0.2725546906017106,0.016259722338219863,2.7610807174360916,2,8.70450905890491e-25,1.1933601129143826e-24,-11.82631619936252,2.4477554442331843e-10,4.2275095025761957e-10,-6.330242908899028,5.351746061020371e-40,1.1664061927864912e-39,16.7929727702447,5.491720085783807e-27,1.296656131365621e-26,10.757020332469898
JNK,0.7157080492412422,0.7058456883935151,0.029826536066462427,0.2998094864572028,2,0.7385713068430323,0.749679270959394,0.0313324720962869,-1.301094260670765,2,7.077960508385959e-36,5.013555360106721e-35,-15.440371531559455,1.426285777204778e-29,6.380752161179269e-29,-11.292675042764172,0.6926772550687745,0.701650078529618,0.040404417391793825,-0.3467508987508515,3,1.1516557425977142e-26,1.882514194630879e-26,12.442479774668833,3.9426633192750324e-27,1.0810528456076701e-26,10.787524587042464,4.291968180903211e-69,1.737225216079871e-68,27.253267233196127,8.256968162850961e-31,2.1932571682572866e-30,11.54036958989341
MMP1,0.7778680745943339,0.9998909322342695,0.24761115229352593,-0.25616422880655254,1,0.9998985412793175,0.9998948498858953,6.438427416569073e-06,1.434429245034699,1,2.6758427817935177e-27,3.6102640706737936e-27,-12.649544950440312,1.4361464127613523e-34,8.138163005647664e-34,-12.262710338171788,0.999923707557862,0.9999216552959247,4.81566491980974e-06,0.4118845760513705,1,2.650198942514649e-27,5.005931335861148e-27,-12.650909980082965,1.4361464127613523e-34,1.3563605009412772e-33,-12.262710338171788,9.470028952692825e-152,7.31774964528011e-151,-78.56176047246191,1.4361464127613523e-34,8.138163005647664e-34,-12.262710338171788
MMP13,0.6633150408741293,0.7941692020270752,0.20962640009181907,-0.1809583293627041,2,0.8619782052961124,0.8784665511949492,0.03340259904535425,-2.1979375088994484,1,5.964864961043555e-27,7.187066451999508e-27,-12.535861596507356,1.1207338669806478e-15,1.8319688210260586e-15,-8.012857591121806,0.8419774176960874,0.8698339440276301,0.04564559997595549,-1.4919830693046658,2,2.0932496500719718e-21,2.5786408732770666e-21,-10.702628640436904,5.190252844428339e-09,8.484067149546324e-09,-5.84095466555506,1.3340810687390168e-12,1.7999506482986734e-12,7.573633077113577,1.664968729981972e-15,2.6702328688390116e-15,7.9640507838057
MMP2,0.7778680745943339,0.9998909322342695,0.2476111522935259,-0.25616422880655254,1,0.9998985412793175,0.9998948498858953,6.438427416569057e-06,1.4344292450347185,1,2.6758427817935177e-27,3.6102640706737936e-27,-12.649544950440312,1.4361464127613523e-34,8.138163005647664e-34,-12.262710338171788,0.999923707557862,0.9999216552959247,4.81566491980974e-06,0.4118845760513705,1,2.650198942514725e-27,5.005931335861148e-27,-12.650909980082963,1.4361464127613523e-34,1.3563605009412772e-33,-12.262710338171788,9.470028952715437e-152,7.31774964528011e-151,-78.56176047246092,1.4361464127613523e-34,8.138163005647664e-34,-12.262710338171788
MMP3,0.7166471870992747,0.845493236424908,0.20647194297099059,-0.18930408733583162,2,0.9126072110730732,0.929880858400823,0.03235066229781812,-1.9890467937174283,1,7.144900685231678e-27,8.097554109929235e-27,-12.51024729153423,2.4920061673901526e-15,3.782509361217196e-15,-7.9140238063066874,0.8838010561533473,0.9124424457993002,0.047289934864964696,-1.4197881302089448,2,1.1534260562592742e-19,1.3248812808383556e-19,-10.112946457702353,8.833114178338108e-08,1.3903976021458133e-07,-5.349226081845285,8.977376478610639e-23,1.3626375012176862e-22,11.160011344792705,2.708766659435173e-21,4.796774292749786e-21,9.473401300056295
MMP9,0.5555089271101198,0.2685295727688155,0.3458186310395348,0.18679853309472744,2,0.253872220337316,0.26645185186070164,0.03024213125438915,-2.661467940455789,2,1.0482399588505003e-27,2.0031222721377658e-27,12.782324354320384,3.8311584727657524e-17,6.784343128856021e-17,8.417954091845491,0.23665821650385943,0.24924157318102458,0.03000136315487808,-2.302888659145109,2,8.521736027765838e-30,2.4144918745336542e-29,13.46258301087865,2.8029895417028083e-26,7.219821546810264e-26,10.605719229789967,1.9970204807133225e-12,2.6522928259473813e-12,7.505984430769367,6.286818272106799e-16,1.0276529867866884e-15,8.083627461730158
PGRN,1.864450261882142e-44,1.8749929970498341e-44,9.740632032442242e-45,-0.002850576642126008,1,6.935884800590078e-88,6.975102922160486e-88,3.6235830764614885e-88,-0.0028504666402004064,1,1.8386923033467744e-68,1.5628884578447584e-66,27.001643737275895,1.0,1.0,0.0,6.935889186436945e-88,6.975109068596374e-88,3.623585138262562e-88,-0.0028506202127281085,1,1.8386923033467744e-68,7.814442289223792e-67,27.001643737275895,1.0,1.0,0.0,2.1916044061282813e-24,3.582430279248152e-24,-11.694163082922074,1.0,1.0,0.0
ROS,0.43116164935032386,0.6977891888736707,0.39112707910378164,-0.16932401906178787,1,0.8051920486530204,0.8316231893111575,0.04921932675519999,-2.195120775401885,2,1.1868835285564801e-27,2.065599948357644e-27,-12.764731776035816,1.4621722733167286e-22,3.7662013100582404e-22,-9.77356316505035,0.7407935499732755,0.7816936416836862,0.08271338294879942,-1.6216211078496408,2,7.55887434121139e-20,8.801429027437919e-20,-10.175556617882206,2.600169651244897e-07,3.9466860777824334e-07,-5.150338342032152,7.192201769548347e-37,1.5283428760290238e-36,15.764896845407147,3.656824357370394e-25,7.581221228694719e-25,10.362905363392338
RUNX2,0.9999999999999999,0.9999999999999998,1.7867348644430383e-16,,1,0.9999999999999999,0.9999999999999999,1.0906210770260938e-16,,1,1.171848856331299e-06,1.2297179356563015e-06,-5.014821918181467,1.0,1.0,0.0,0.9999999999999999,0.9999999999999998,1.472877282518059e-16,,1,0.004630693537275745,0.004982391780613144,-2.8640821857114664,1.0,1.0,0.0,3.501213636345689e-05,3.815425116530559e-05,4.234296027013022,1.0,1.0,0.0
SIRT1,0.21309502813483175,0.0014995874254093607,0.23611940759027364,0.2560362594820998,1,0.0012118583336996104,0.0012238432298463918,3.2248368539598585e-05,-2.348935382001892,1,2.4958799828955318e-27,3.477865549936396e-27,12.659413857875458,1.4361464127613523e-34,8.138163005647664e-34,12.262710338171788,7.927288956164858e-45,5.578574803512062e-47,8.78381248215701e-45,0.25603624348225706,1,1.5042493285885491e-27,3.118565681220163e-27,12.731165689242454,1.4361464127613523e-34,1.3563605009412772e-33,12.262710338171788,2.03073909e-315,1.7261282278e-313,530.1156719685346,1.4361464127613523e-34,8.138163005647664e-34,12.262710338171788
SIRT2,1.9419560476950076e-44,1.9931371318945975e-44,1.0685486176145484e-44,-0.013127938565322248,1,7.224211460062098e-88,7.414611230086677e-88,3.975074606145992e-88,-0.013128253038452295,1,5.622152377746466e-65,1.592943173694832e-63,25.637262355086257,1.0,1.0,0.0,7.224216275510707e-88,7.414613240267003e-88,3.97507752193525e-88,-0.013128127254464706,1,5.622152377746466e-65,1.194707380271124e-63,25.637262355086257,1.0,1.0,0.0,2.5398679545298204e-26,4.497682836146557e-26,-12.33011333884,1.0,1.0,0.0
SMAD1/5/8,0.4176416307276983,0.03112470586311107,0.45421820925477885,0.24234838534458256,1,0.011660227135188767,0.005710867287929312,0.011422300687052895,2.424648884883578,2,9.788579016505774e-27,1.0947752847407774e-26,12.46556190066864,1.8336418022337227e-16,3.180807207956458e-16,8.232488224044285,0.02978718896613251,0.01556354173281792,0.026545938851818916,1.6106825225265318,2,2.0086778182931498e-24,2.6677752274205896e-24,11.706647606857173,2.03293439271449e-06,2.5790958713542033e-06,4.750122522040077,9.526406972069185e-29,1.8403286196042743e-28,-13.121605447063505,2.8029895417028083e-26,6.269845027493124e-26,-10.605719229789967
SMAD2,0.0015729493022376365,0.0010325024805874694,0.0006883799713266389,0.18011019925885002,1,0.0009894190397122815,0.0010323418686698166,7.02405223293553e-05,-1.4255955787106598,1,1.4283012649921715e-27,2.1679572772202605e-27,12.738505052948039,2.3961231707116407e-15,3.703099445645263e-15,7.918904487038297,0.0009093549389031776,0.0009546543915927679,7.635528633978546e-05,-1.1368580604192182,1,4.0230252065509915e-33,1.4248214273201428e-32,14.543243775680795,5.5822001747782535e-33,2.1567591584370524e-32,11.962548473177733,5.2322946780716256e-51,1.2707001361031092e-50,20.521501789277746,6.215545921999634e-31,1.704262591516029e-30,11.564772993551463
SMAD2/3,0.0015729493022376365,0.0010325024805874694,0.0006883799713266389,0.18011019925884988,1,0.0009894190397122815,0.0010323418686698166,7.024052232935528e-05,-1.4255955787106613,1,1.4283012649921715e-27,2.1679572772202605e-27,12.738505052948039,2.3961231707116407e-15,3.703099445645263e-15,7.918904487038297,0.0009093549389031776,0.0009546543915927679,7.635528633978544e-05,-1.1368580604192189,1,4.0230252065509915e-33,1.4248214273201428e-32,14.543243775680795,5.5822001747782535e-33,2.1567591584370524e-32,11.962548473177733,5.2322946780712535e-51,1.2707001361031092e-50,20.521501789277757,6.215545921999634e-31,1.704262591516029e-30,11.564772993551463
SMAD3,0.001572949302237636,0.0010325024805874694,0.0006883799713266389,0.1801101992588516,1,0.0009894190397122815,0.0010323418686698166,7.024052232935528e-05,-1.42559557871066,1,1.4283012649921715e-27,2.1679572772202605e-27,12.73850505294804,2.3961231707116407e-15,3.703099445645263e-15,7.918904487038297,0.0009093549389031776,0.0009546543915927679,7.635528633978544e-05,-1.136858060419219,1,4.0230252065509915e-33,1.4248214273201428e-32,14.543243775680795,5.5822001747782535e-33,2.1567591584370524e-32,11.962548473177733,5.2322946780716256e-51,1.2707001361031092e-50,20.521501789277746,6.215545921999634e-31,1.704262591516029e-30,11.564772993551463
SOCS-3,0.10759283706709033,0.17860405966318038,0.09789116734578389,-0.16544584574503438,1,0.18710212957725278,0.1786976207435254,0.014289576800487072,1.6188606685421778,2,5.0794342640074024e-27,6.257274093342453e-27,-12.558658003998373,6.440107132222556e-12,8.294077367256323e-12,-6.869558129742007,0.20931040212381968,0.2083491355270018,0.015458559145528922,0.38600650197075015,2,6.063554122294455e-34,2.4542957161668033e-33,-14.810526724977755,1.4869443869804545e-29,4.861164342051486e-29,-11.289014532215461,3.289927483564744e-43,7.359048318500085e-43,-17.860164107182445,2.871605581630396e-23,5.811582724728183e-23,-9.937065969559306
STAT1,0.14357946105140754,0.19986916082793754,0.13835200551807605,0.201322044516719,1,0.23892502272364716,0.20471338421497481,0.06182640262512793,1.9963039343866742,1,2.7772586751598123e-30,9.442679495543362e-30,-13.62082451178172,2.1919858924920686e-20,4.6579700215456457e-20,-9.252550496950914,0.3049023108299356,0.2524230032010132,0.09005823743083366,1.4312848036713328,2,1.5448130162750853e-59,1.3130910638338226e-58,-23.58295033124241,3.084598923776833e-32,1.0487636340841233e-31,-11.81978856177812,1.4801302772822568e-29,2.9258389202091125e-29,-13.384636232007486,1.8377917135712974e-22,3.5502794466718245e-22,-9.7503799315752
STAT3,0.1975801201523948,0.3264598956160936,0.18087192765337304,-0.12193649860839484,1,0.35937413746929375,0.3521494761899333,0.0335238248135851,2.0865218260388403,2,6.026316036371863e-29,1.7663340106607187e-28,-13.186321920862344,2.107806391179806e-28,8.958177162514175e-28,-11.053521686915248,0.3489512750134295,0.34213162287618437,0.02695237417863223,3.733167434119382,1,2.7426113169068146e-26,4.398527583718476e-26,-12.319195976724021,1.295664168197284e-16,2.5611966115527705e-16,-8.273974010262975,7.55941003614068e-08,9.590296314506834e-08,5.586168040594898,9.85875853782701e-12,1.4964187066344566e-11,6.808549620596874
STAT6,0.0658012682951099,0.112054651418691,0.059618909879461966,-0.1854484913382775,1,0.11891248573194708,0.1179985492114165,0.004927363905980607,1.2822778066732083,1,1.0227128345488056e-27,2.0031222721377658e-27,-12.785815724641772,1.1217064837938533e-17,2.0286181089888834e-17,-8.560714003245103,0.1217990389800378,0.12664496031262776,0.009966762904835096,-1.0306952799260465,2,6.360785976857792e-26,9.830305600598406e-26,-12.19952898825893,3.182863361645285e-15,6.148713312269301e-15,-7.883519551734123,0.0007910894742884432,0.000810151871259249,-3.40831900564864,0.0001522268701359646,0.00019906590710087679,-3.787408247729873
Sox9,0.3797793595490647,0.022336531572698208,0.40922614764126863,0.24110797198453796,1,0.013323043121208564,0.01080609886945079,0.0044804005711805315,1.8309671623246102,1,4.9515117885101635e-27,6.189389735637704e-27,12.562276248514207,2.769392984103434e-13,3.858990223750687e-13,7.3051588850382565,0.0200414648941537,0.015139871322084072,0.008464014333893105,1.3634476194610594,2,4.0429163546727877e-26,6.363849817540499e-26,12.264013224945925,3.6165023634664667e-07,5.300046567149132e-07,5.088109662704115,3.7849783646712627e-35,7.846906365781887e-35,-15.202843791117447,6.78587764571197e-27,1.5589178375284253e-26,-10.737497609543455
TGF-β,0.04807648231021631,0.03898240857033326,0.013689382019595013,0.1320099911276767,2,0.035642053050309895,0.035747379955804556,0.002324533478978575,-1.0404744814308216,1,2.450779488414182e-28,6.312613833794105e-28,12.988002126797435,4.5682458663778924e-23,1.2283209038138369e-22,9.890699502609008,0.03669224249437676,0.03792523900210558,0.0023666583988367685,-1.684846623973184,1,9.936872913356442e-28,2.306295785648466e-27,12.789892950617933,5.500768992004689e-20,1.2987926786677737e-19,9.153716712135797,2.602794498685602e-07,3.253493123357002e-07,-5.333695652409801,5.601415520577871e-05,7.439379988267486e-05,-4.029001943944602
TGFBRI,0.010501243805876961,0.007287655674179279,0.004182817252692593,0.17587567516056687,2,0.0068829126628412,0.007077063074488913,0.0004492642134532106,-1.8643886449743403,1,8.342943356766882e-28,1.818333808526115e-27,12.814649548779236,2.360288828359614e-19,4.893281717330907e-19,8.99509458835845,0.0067037913606628275,0.007089168163249622,0.0005842015482357889,-1.26539306329938,1,2.09962157348201e-31,7.138713349838833e-31,13.985155152639436,2.166336807693357e-27,6.1379542884645125e-27,10.842432245273086,2.4939553018734283e-06,2.8264826754565524e-06,4.849242863956026,0.002828778496660318,0.00364312382145647,2.9857564375628227
TIMP1/2,0.00018412270435090236,9.443479754543557e-05,0.00010749568344379899,0.19506202812052226,1,9.007634009326622e-05,9.394380724916022e-05,6.345291040897775e-06,-1.382765669606293,1,1.0182924287329989e-27,2.0031222721377658e-27,12.786429140365804,1.1138299357093151e-18,2.2017568496579484e-18,8.823050592569174,8.182076707974799e-05,8.583946369142745e-05,6.464524242498698e-06,-1.1498432430884609,1,3.0542954463715324e-31,9.384562096176634e-31,13.93228162560092,9.190149845586507e-34,5.748235344690328e-33,12.111409235491857,6.678904967449981e-62,2.0275247222616014e-61,24.465222809783427,9.747394417874684e-33,3.314114102077393e-32,11.916182006227432
TIMP3,0.06085037168550828,0.09997310911826954,0.05508488015792707,-0.17669320873821626,1,0.10783907922196889,0.10600035377252187,0.006182785411878298,0.9397633629399627,2,6.0878680534584064e-27,7.187066451999508e-27,-12.532965526050704,6.06563770583048e-12,7.931987769162935e-12,-6.878099321022326,0.11713673629391774,0.12097465643555777,0.007603822586540182,-1.868782166920527,2,1.1337880430435958e-29,3.1087736664098594e-29,-13.422273156703845,7.612407334044305e-23,1.9031018335110763e-22,-9.839452354927094,1.881892359658961e-26,3.4034223525747166e-26,-12.372725480689445,7.251861271058514e-23,1.4335074605580783e-22,-9.844333035658705
TLR,0.5296818211263906,0.9587916593840189,0.4762655211321076,-0.20250105474088542,1,0.9668917634042309,0.9670400503054108,0.0013651299593451767,0.2666521142044398,1,3.3281394558718563e-28,8.320348639679641e-28,-12.944715343644036,1.4361464127613523e-34,8.138163005647664e-34,-12.262710338171788,1.0,1.0,0.0,,1,3.09138516109348e-31,9.384562096176634e-31,-13.930578808300803,1.4361464127613523e-34,1.3563605009412772e-33,-12.262710338171788,1.2920568730044965e-277,2.7456208551345552e-276,-342.1279777881775,1.4361464127613523e-34,8.138163005647664e-34,-12.262710338171788
TNF,0.26523178317825474,0.41248578372996964,0.22792053829240597,-0.17242349628773,1,0.48201161978635604,0.49732593007221526,0.030913202661150517,-2.6273963831066385,2,2.1685043829053737e-27,3.0720478757826125e-27,-12.679341870113884,5.501281462104366e-18,1.0391309428419358e-17,-8.64246540549958,0.4575796566629872,0.4705265343257411,0.03190296818784629,-2.354469684025009,2,3.9706446250712546e-23,5.1137089868341914e-23,-11.27780459788037,5.746025782930277e-10,9.576709638217128e-10,-6.197244358962639,1.1875884276691431e-20,1.6824169391979526e-20,10.448455677637742,6.035452303894876e-19,1.0469662159817642e-18,8.891380122811723
TNFR1,1.0,0.9999999999999999,2.1456334586930844e-16,,1,1.0,0.9999999999999999,1.8276577621494737e-16,,1,0.000525141871141886,0.000525141871141886,-3.5251770469338526,1.0,1.0,0.0,1.0,0.9999999999999999,2.0531623078253657e-16,,1,0.08326060366701057,0.08326060366701057,-1.7408207411424874,1.0,1.0,0.0,0.0020984833033406494,0.002123465247428038,3.116844812719288,1.0,1.0,0.0
TRAF6,0.15355844822974551,0.24359206560016358,0.1398771275398162,-0.15123461438970262,1,0.2913683784813043,0.29886229146671484,0.020710879621031048,-1.2018832186353168,2,3.0663129361252525e-29,9.653207391505425e-29,-13.28177632017383,1.6703277502755578e-31,8.351638751377789e-31,-11.67702865037851,0.27351784821436526,0.2780127692897989,0.025846649513068684,0.13337703528871794,3,1.2155032134976274e-24,1.6399646531317194e-24,-11.778556763342086,2.0237596611388924e-10,3.5837410666001217e-10,-6.359526993288693,1.7501061726628287e-33,3.541881539912868e-33,14.660781997974123,5.787321929000106e-22,1.093160808811131e-21,9.633243594016543
TSP-1,0.00018412270435090236,9.443479754543557e-05,0.00010749568344379899,0.19506202812052237,1,9.00763400932662e-05,9.394380724916021e-05,6.345291040897781e-06,-1.3827656696062793,1,1.0182924287329989e-27,2.0031222721377658e-27,12.786429140365804,1.1138299357093151e-18,2.2017568496579484e-18,8.823050592569174,8.1820767079748e-05,8.583946369142745e-05,6.464524242498699e-06,-1.1498432430884666,1,3.0542954463715324e-31,9.384562096176634e-31,13.93228162560092,9.190149845586507e-34,5.748235344690328e-33,12.111409235491857,6.678904967449412e-62,2.0275247222616014e-61,24.46522280978344,9.747394417874684e-33,3.314114102077393e-32,11.916182006227432
VEGF,0.2951324978366815,0.44385767669423853,0.27542250994599626,-0.006277623256570669,1,0.49765927169736907,0.44368940260709644,0.08535016838722119,1.4537126481688496,2,1.0063747963778629e-28,2.851395256403945e-28,-13.113849468209887,1.6654890033054238e-18,3.2174219382036596e-18,-8.777904295801775,0.6254734465328365,0.5801065453615086,0.08896065377986992,1.0603178380621676,2,3.1242902135938964e-50,1.7704311210365414e-49,-20.251425562006734,1.6643918453229987e-33,8.84208167827843e-33,-12.062602428175753,5.721736576667401e-63,1.8705677269874193e-62,-24.868775627424952,1.3446772879192668e-32,4.233243313819914e-32,-11.889338262203573
akt1,0.14909253024942656,0.0008176798572212662,0.16560408459793355,0.26220844087566536,1,0.0007633369854257999,0.0007926434044714695,4.787425250838716e-05,-1.425679022692251,1,2.9182181653205645e-27,3.816131446957662e-27,12.637253128588265,1.4361464127613523e-34,8.138163005647664e-34,12.262710338171788,0.0005933950842986295,0.0006224020521209662,4.890531026195377e-05,-1.1385889194355898,1,2.6337864394964327e-27,5.005931335861148e-27,12.651790564778505,1.4361464127613523e-34,1.3563605009412772e-33,12.262710338171788,4.6813087499681185e-136,3.0608557211330004e-135,65.05416592988192,1.4361464127613523e-34,8.138163005647664e-34,12.262710338171788
c-Jun,0.5056368334376098,0.7527214815557657,0.3675254526525323,-0.17531450946326455,2,0.8529435289002657,0.8718875229221954,0.04205610690154309,-1.7574859282410722,2,1.0840426413922026e-27,2.0031222721377658e-27,-12.777568090092485,2.729786562524934e-24,8.001098545331701e-24,-10.168898304310813,0.7932436487433343,0.8174505851424608,0.053110024834374096,-0.9312375384369561,2,1.4677200974122664e-20,1.7327251150005923e-20,-10.417330928583146,9.69337914799486e-07,1.328931012225102e-06,4.8977631141712985,5.198057890555711e-74,2.4546384483179745e-73,29.258843248523323,3.8074589757997936e-33,1.618170064714912e-32,11.9942728979332
caspase-1,1.980642737175853e-44,1.9593817941510795e-44,1.0674464225246699e-44,-0.06612992446365551,1,7.368129016204783e-88,7.289039308427044e-88,3.970975422058358e-88,-0.06612942389225733,1,2.3132591039890738e-66,9.831351191953564e-65,26.174994429508974,1.0,1.0,0.0,7.368133652116788e-88,7.289043514588323e-88,3.970977512055833e-88,-0.06612999094848236,1,2.3132591039890738e-66,6.554234127969043e-65,26.174994429508974,1.0,1.0,0.0,1.2465378932974212e-26,2.354571576228462e-26,-12.431237323738095,1.0,1.0,0.0
iNos,0.18723689260146925,0.23744572664235827,0.18383583308864115,0.3809641329102998,1,0.29978843380263726,0.24323795935978726,0.09490887999103716,1.6056152547435676,2,1.0685192488607526e-30,4.3249588644363795e-30,-13.75560485538769,3.5516846900213783e-22,8.879211725053446e-22,-9.683270571515553,0.43930380601696106,0.3679399623089048,0.12327223325799451,1.1757541955723931,2,6.250264386494714e-74,5.312724728520507e-72,-29.22549016006676,9.467681744195834e-34,5.748235344690328e-33,-12.108968895126054,5.889810699866144e-56,1.6687796982954074e-55,-22.275615763223275,1.144964859762081e-32,3.7431543492221876e-32,-11.902760134215503
p38,0.45921070271305153,0.379179806603427,0.16233467630868692,-0.07599188285757952,2,0.3466189398556114,0.37987501716203287,0.05624370578839918,-1.6960425317885284,2,1.860950450830987e-27,2.7272549710454116e-27,12.701016449234553,6.723951423445398e-15,1.0026945105137873e-14,7.789566447650616,0.2740578811236413,0.30754695181260155,0.06631878225557569,-1.3907669727952017,2,1.1036918877402488e-49,5.863363153620072e-49,20.06144367137197,4.818869677235977e-33,2.1558101187634634e-32,11.974750175006758,4.179721385542078e-51,1.1102384930346146e-50,20.55553929177641,6.699162952513026e-26,1.423572127409018e-25,10.523967827535492
p65,0.11726078876798533,0.15269050850796217,0.08400676130660599,0.03735867590343,2,0.19985040030842147,0.20621887126529986,0.027062658743994442,-0.46355990240827943,2,2.1072010859368913e-29,6.888926627101376e-29,-13.334756111582006,5.714150879581161e-27,2.2077401125654488e-26,-10.753359821921192,0.17954587698834906,0.17695294933323527,0.021724062672356735,2.349559548267446,2,7.109435581869688e-22,8.88679447733711e-22,-10.859978914624007,1.2284536809779291e-11,2.320412508513866e-11,-6.776825195841403,1.898790550075391e-25,3.2938203419675154e-25,12.043723906582047,1.974775974312099e-21,3.649042561228879e-21,9.506345894994666
wnt3a,1.0,0.9999999999999999,2.368186647638997e-16,-1.4803989769754506,1,1.0,0.9999999999999999,1.898773513585258e-16,,1,4.0117753443186654e-06,4.158547613013251e-06,-4.742921417046758,1.0,1.0,0.0,1.0,0.9999999999999999,2.2246054897660934e-16,-1.4083398921173391,1,0.015933255394827633,0.016122937006670817,-2.431232421861166,1.0,1.0,0.0,1.7065386299161625e-05,1.8838413447126468e-05,4.407794681839223,1.0,1.0,0.0
wnt5a,0.07438683085375507,0.0912978232465135,0.06987374390831488,0.4608162217186619,1,0.13255211546529883,0.1271903155989451,0.03563063147473149,1.7519653923491652,2,5.661880638698289e-31,2.406299271446773e-30,-13.845208057795437,5.224196442260151e-25,1.644654435526344e-24,-10.328740598271064,0.11928104767085305,0.10079473053901426,0.035868424707604596,2.0217663224681366,1,8.546587908035708e-25,1.1909179871853035e-24,-11.828934115404243,6.739854256036395e-20,1.397286857958765e-19,-9.13175364884355,1.4218004847310086e-06,1.655521112358039e-06,4.972811207867617,2.2710079144533112e-05,3.113478592395668e-05,4.236430875038053
β-catenin,1.0,0.9999999999999998,2.594218494588834e-16,-1.6324047820422818,1,1.0,0.9999999999999999,1.831026719408895e-16,,1,2.687802856196797e-07,2.8557905347090966e-07,-5.327024193074297,1.0,1.0,0.0,1.0,0.9999999999999998,2.277987190955421e-16,-1.4603519365046767,1,0.0052239800515908145,0.0054819543751261635,-2.8240846600703184,1.0,1.0,0.0,1.512990240211977e-05,1.6921601370791847e-05,4.436363226936979,1.0,1.0,0.0
